# Time (s),Altitude (m),Vertical velocity (m/s),Vertical acceleration (m/s²),Position East of launch (m),Position North of launch (m),CP location (cm),CG location (cm),Stability margin calibers (?)
0,0,0,0.77757,0,0,NaN,214.37,NaN
0.01,3.8878e-5,0.0077757,21.917,0,0,NaN,214.37,NaN
0.02,0.0012127,0.22699,40.325,0,0,NaN,214.36,NaN
0.03,0.0054991,0.63032,55.336,0,0,NaN,214.34,NaN
0.04,0.01457,1.1838,64.996,0,0,NaN,214.31,NaN
0.05,0.029659,1.834,73.955,0,0,NaN,214.28,NaN
0.06,0.051698,2.5739,83.319,0,0,NaN,214.25,NaN
0.07,0.081604,3.4074,93.088,0,0,NaN,214.21,NaN
0.08,0.12033,4.3388,97.399,0,0,NaN,214.16,NaN
0.09,0.16859,5.3132,96.241,0,0,NaN,214.12,NaN
0.1,0.22654,6.2761,95.081,0,0,NaN,214.07,NaN
0.11,0.29406,7.2274,93.919,0,0,NaN,214.02,NaN
0.12,0.37103,8.167,92.754,0,0,NaN,213.98,NaN
0.13,0.45734,9.0949,91.431,0,0,NaN,213.93,NaN
0.14,0.55286,10.01,89.784,0,0,NaN,213.88,NaN
0.15,0.65745,10.908,88.701,0,0,NaN,213.84,NaN
0.16,0.77096,11.795,88.191,0,0,NaN,213.79,NaN
0.17,0.89333,12.678,87.678,0,0,NaN,213.75,NaN
0.18,1.0245,13.555,87.163,0,0,NaN,213.7,NaN
0.19,1.1644,14.427,86.648,0,0,NaN,213.66,NaN
0.2,1.313,15.294,86.426,0,0,NaN,213.62,NaN
0.21,1.4703,16.158,86.498,0,0,NaN,213.57,NaN
0.22,1.6362,17.023,86.57,0,0,NaN,213.53,NaN
0.23,1.8107,17.889,86.641,0,0,NaN,213.48,NaN
0.24,1.994,18.756,86.712,0,0,NaN,213.44,NaN
0.25,2.1859,19.624,86.782,0,0,NaN,213.39,NaN
0.26,2.3864,20.492,86.871,0,0,NaN,213.35,NaN
0.27,2.5957,21.361,87.075,0,0,NaN,213.3,NaN
0.28,2.8137,22.232,87.297,0,0,NaN,213.26,NaN
0.29,3.0403,23.105,87.519,0,0,NaN,213.21,NaN
0.3,3.2758,23.981,87.74,0,0,NaN,213.17,NaN
0.31,3.52,24.858,87.961,0,0,NaN,213.12,NaN
0.32,3.773,25.738,88.183,0,0,NaN,213.08,NaN
0.33,4.0347,26.621,88.404,0,0,NaN,213.04,NaN
0.34,4.3054,27.505,88.626,0,0,NaN,212.99,NaN
0.35,4.5849,28.391,88.614,0,0,NaN,212.95,NaN
0.36,4.8732,29.278,88.366,0,0,NaN,212.9,NaN
0.37,5.1704,30.162,88.118,0,0,220.39,212.86,0.4381
0.385,5.6327,31.483,87.663,-1.7526e-4,0,221.08,212.8,0.48153
0.4075,6.3633,33.455,86.976,-0.0011101,0,221.98,212.72,0.53827
0.44125,7.5419,36.388,85.936,-0.0041008,-6.6042e-9,222.96,212.59,0.60237
0.49125,9.4687,40.681,84.398,-0.012271,-3.3191e-8,225,212.41,0.73219
0.54125,11.608,44.908,83.413,-0.024952,-9.5554e-8,227.56,212.18,0.89382
0.59125,13.958,49.084,82.938,-0.041884,-2.2179e-7,228.65,211.96,0.9705
0.64125,16.516,53.237,82.472,-0.062904,-4.5024e-7,230.41,211.74,1.0851
0.69125,19.281,57.366,82.116,-0.08746,-8.265e-7,232.98,211.52,1.2479
0.74125,22.252,61.476,81.97,-0.11443,-1.4053e-6,234.25,211.3,1.3343
0.79125,25.429,65.579,81.864,-0.14263,-2.2286e-6,237.2,211.08,1.5185
0.84125,28.81,69.676,81.709,-0.17026,-3.3117e-6,238.47,210.86,1.6048
0.89125,32.396,73.765,81.529,-0.19556,-4.6449e-6,239.55,210.65,1.6807
0.94125,36.186,77.843,81.327,-0.2167,-6.264e-6,241.11,210.42,1.784
0.99125,40.18,81.912,81.096,-0.23132,-8.2239e-6,243.38,210.2,1.9289
1.0413,44.377,85.967,80.821,-0.23643,-1.0657e-5,245.74,209.98,2.0792
1.0913,48.777,90.008,80.499,-0.22872,-1.3717e-5,247.64,209.76,2.2027
1.1413,53.378,94.031,80.118,-0.20481,-1.7608e-5,250.59,209.53,2.3869
1.1913,58.179,98.033,79.674,-0.16084,-2.2452e-5,247.88,209.31,2.2427
1.2413,63.18,102.01,79.193,-0.092822,-2.8167e-5,246.29,209.08,2.1636
1.2913,68.38,105.97,78.655,0.0028831,-3.455e-5,244.76,208.85,2.0876
1.3413,73.777,109.89,78.106,0.12976,-4.1318e-5,243.77,208.62,2.0437
1.3913,79.369,113.79,77.59,0.29082,-4.8162e-5,243.53,208.39,2.0431
1.4413,85.155,117.67,77.037,0.48829,-5.4674e-5,242.79,208.16,2.0134
1.4913,91.135,121.51,76.565,0.72417,-6.0341e-5,242.92,207.93,2.0343
1.5413,97.306,125.34,76.116,0.99947,-6.4516e-5,243.03,207.69,2.0545
1.5913,103.67,129.14,75.794,1.3143,-6.642e-5,244.21,207.46,2.1366
1.6413,110.22,132.93,75.509,1.6673,-6.5317e-5,245.58,207.22,2.2303
1.6913,116.96,136.71,75.213,2.056,-6.0848e-5,247.32,206.98,2.345
1.7413,123.89,140.47,74.836,2.4772,-5.3069e-5,249.41,206.75,2.4806
1.7913,131.01,144.21,74.367,2.9268,-4.2362e-5,250.83,206.51,2.5762
1.8413,138.31,147.93,73.775,3.4011,-2.9644e-5,249.19,206.28,2.4947
1.8913,145.8,151.62,73.123,3.8961,-1.5946e-5,247.64,206.05,2.4179
1.9413,153.47,155.27,72.401,4.4077,-2.4337e-6,246.81,205.82,2.3835
1.9913,161.33,158.88,71.631,4.9331,9.7932e-6,246.19,205.58,2.3608
2.0413,169.36,162.46,70.815,5.4698,1.9715e-5,245.89,205.35,2.3573
2.0913,177.57,165.99,69.945,6.0167,2.6361e-5,246.72,205.11,2.4189
2.1413,185.96,169.48,69.011,6.5752,2.9096e-5,248.07,204.87,2.5117
2.1913,194.52,172.92,67.977,7.1484,2.8221e-5,250.21,204.63,2.6501
2.2413,203.25,176.3,66.884,7.7406,2.5488e-5,250.35,204.39,2.6719
2.2913,212.15,179.63,65.774,8.3563,2.404e-5,249.17,204.15,2.6175
2.3413,221.21,182.9,64.657,8.999,2.7674e-5,248.22,203.91,2.576
2.3913,230.44,186.12,63.633,9.6715,3.9428e-5,248.01,203.66,2.5781
2.4412,239.82,189.29,62.646,10.375,6.0877e-5,247.89,203.42,2.5855
2.4912,249.37,192.42,61.737,11.11,9.1832e-5,248.7,203.17,2.6469
2.5412,259.06,195.5,60.786,11.874,1.3183e-4,249.65,202.94,2.7159
2.5912,268.91,198.53,59.885,12.664,1.7969e-4,251.3,202.71,2.8253
2.6412,278.92,201.52,58.917,13.475,2.3328e-4,250.63,202.48,2.7995
2.6912,289.06,204.46,57.912,14.302,2.9e-4,249.05,202.25,2.7204
2.7412,299.36,207.34,56.796,15.14,3.4672e-4,248.62,202.02,2.7091
2.7904,309.62,210.12,55.636,15.972,3.9999e-4,248.92,201.8,2.7396
2.8404,320.2,212.89,54.373,16.826,4.5043e-4,249.84,201.57,2.8067
2.8904,330.91,215.59,53.051,17.692,4.9679e-4,251.01,201.33,2.8885
2.9404,341.75,218.23,51.668,18.572,5.4122e-4,251.92,201.1,2.9546
2.9904,352.73,220.79,50.239,19.471,5.8838e-4,250.76,200.86,2.9013
3.0404,363.83,223.29,48.844,20.392,6.4376e-4,249.98,200.63,2.8694
3.0904,375.06,225.71,47.605,21.339,7.126e-4,249.96,200.39,2.8821
3.1404,386.4,228.08,46.513,22.312,7.9712e-4,250.48,200.15,2.9261
3.1904,397.86,230.4,45.57,23.309,8.9649e-4,251.79,199.91,3.0166
3.2404,409.44,232.67,44.615,24.325,0.0010068,251.99,199.67,3.0421
3.2904,421.13,234.89,43.56,25.356,0.0011237,251.43,199.42,3.0237
3.3404,432.93,237.06,42.381,26.399,0.0012436,251.05,199.18,3.0155
3.3904,444.84,239.17,38.968,27.451,0.0013631,251.39,198.94,3.0496
3.4404,456.84,241.1,34.48,28.513,0.0014822,252.35,198.73,3.1179
3.4904,468.94,242.81,30.015,29.586,0.0016032,252.69,198.53,3.149
3.5404,481.12,244.3,25.616,30.672,0.0017293,252.05,198.33,3.1233
3.5904,493.36,245.57,21.362,31.773,0.0018631,251.9,198.14,3.1256
3.6404,505.67,246.63,17.281,32.888,0.0020059,252.3,197.94,3.1608
3.6904,518.02,247.49,13.323,34.016,0.0021566,253.09,197.74,3.2183
3.7404,530.41,248.16,9.3369,35.151,0.0023141,252.87,197.54,3.2169
3.7904,542.83,248.62,5.3971,36.291,0.0024769,252.69,197.35,3.2174
3.8404,555.27,248.89,2.8146,37.434,0.0026452,252.53,197.17,3.2185
3.8904,567.72,249.03,0.82708,38.579,0.0028174,252.84,197.02,3.2456
3.9404,580.17,249.08,-1.0884,39.726,0.0029926,252.67,196.88,3.2433
3.9904,592.63,249.02,-3.1941,40.874,0.0031719,253.03,196.75,3.2721
4.0404,605.07,248.86,-5.5138,42.025,0.0033564,252.13,196.63,3.2271
4.0904,617.51,248.59,-7.672,43.182,0.003547,252.03,196.52,3.2269
4.1404,629.93,248.21,-9.6831,44.343,0.0037421,252.5,196.42,3.2604
4.1904,642.33,247.74,-11.656,45.508,0.0039385,252.98,196.32,3.2938
4.2404,654.7,247.16,-13.586,46.672,0.0041346,252.67,196.22,3.2818
4.2904,667.04,246.49,-15.501,47.834,0.0043284,251.89,196.12,3.2421
4.3404,679.35,245.73,-17.434,48.99,0.0045203,251.32,196.02,3.215
4.3904,691.61,244.87,-19.444,50.139,0.0047124,251.75,195.92,3.2459
4.4404,703.83,243.9,-21.516,51.28,0.0049087,252.86,195.82,3.3163
4.4904,716,242.83,-22.882,52.417,0.0051127,252.39,195.72,3.2948
4.5404,728.11,241.69,-22.925,53.553,0.0053274,251.48,195.63,3.2471
4.5904,740.17,240.56,-22.768,54.689,0.005554,251.55,195.56,3.2555
4.6404,752.17,239.43,-22.538,55.825,0.0057925,252,195.48,3.2861
4.6904,764.11,238.32,-22.344,56.96,0.0060407,252.35,195.41,3.3107
4.7404,776,237.22,-22.18,58.093,0.0062953,252.57,195.34,3.3272
4.7904,787.83,236.12,-22.043,59.221,0.0065518,251.81,195.29,3.2861
4.8404,799.61,235.03,-21.946,60.343,0.0068055,251.18,195.24,3.2525
4.8904,811.34,233.94,-21.959,61.456,0.0070543,251.52,195.19,3.2753
4.9404,823.01,232.85,-22.02,62.561,0.007299,252.1,195.14,3.3121
4.9904,834.62,231.76,-22.128,63.661,0.0075416,252.28,195.08,3.3254
5.0404,846.18,230.66,-22.269,64.758,0.007785,251.24,195.03,3.2676
5.0904,857.69,229.55,-22.29,65.854,0.0080322,251.02,194.98,3.258
5.1404,869.14,228.45,-22.231,66.952,0.0082858,251.22,194.93,3.2728
5.1904,880.53,227.35,-22.114,68.049,0.0085477,251.81,194.88,3.3097
5.2404,891.87,226.26,-22.005,69.144,0.0088178,252.43,194.83,3.3487
5.2904,903.16,225.17,-21.894,70.234,0.0090938,251.51,194.78,3.2981
5.3404,914.39,224.09,-21.826,71.319,0.0093733,250.75,194.73,3.2571
5.3904,925.56,223,-21.835,72.395,0.0096547,250.66,194.67,3.255
5.4404,936.69,221.92,-21.919,73.463,0.0099365,251.28,194.62,3.2939
5.4904,947.76,220.83,-22.056,74.524,0.010217,252.25,194.57,3.3534
5.5404,958.77,219.73,-22.175,75.582,0.010496,251.53,194.52,3.3146
5.5904,969.73,218.63,-22.223,76.637,0.010777,251.45,194.47,3.3128
5.6404,980.63,217.53,-22.266,77.69,0.01106,251.35,194.42,3.3102
5.6904,991.48,216.43,-22.276,78.741,0.011349,251.49,194.37,3.3213
5.7404,1002.3,215.32,-22.301,79.789,0.011644,251.48,194.31,3.3237
5.7904,1013,214.22,-22.327,80.835,0.011948,251.43,194.26,3.3239
5.8404,1023.7,213.11,-22.306,81.878,0.012257,251.84,194.21,3.3503
5.8904,1034.3,212,-22.298,82.918,0.012571,251.85,194.16,3.3541
5.9404,1044.9,210.9,-22.281,83.953,0.012887,251.23,194.11,3.3214
5.9904,1055.4,209.79,-22.353,84.983,0.013202,251.54,194.05,3.3424
6.0404,1065.9,208.68,-22.373,86.007,0.013516,251.09,194,3.3188
6.0904,1076.3,207.57,-22.464,87.025,0.013829,251.31,193.96,3.3341
6.1404,1086.6,206.46,-22.587,88.038,0.014141,251.84,193.92,3.3673
6.1904,1096.9,205.33,-22.719,89.046,0.014453,251.24,193.89,3.334
6.2404,1107.2,204.21,-22.808,90.052,0.014767,251.06,193.86,3.3256
6.2904,1117.3,203.07,-22.903,91.056,0.015085,250.79,193.83,3.3117
6.3404,1127.5,201.94,-22.943,92.057,0.015408,251.02,193.8,3.3269
6.3904,1137.5,200.8,-22.955,93.056,0.015735,251.6,193.76,3.3624
6.4404,1147.6,199.66,-22.964,94.05,0.016067,251.05,193.73,3.3324
6.4904,1157.5,198.52,-22.934,95.04,0.016403,250.21,193.7,3.2852
6.5404,1167.4,197.38,-22.952,96.022,0.016742,250.13,193.67,3.2825
6.5904,1177.2,196.24,-22.988,96.996,0.017083,250.2,193.65,3.288
6.6404,1187,195.1,-23.037,97.964,0.017425,250.34,193.63,3.2972
6.6904,1196.8,193.96,-23.123,98.924,0.017769,250.87,193.6,3.3295
6.7404,1206.4,192.8,-23.308,99.879,0.018113,250.64,193.58,3.3174
6.7904,1216,191.64,-23.448,100.83,0.018459,249.72,193.56,3.2657
6.8404,1225.6,190.48,-23.438,101.78,0.018805,249.41,193.53,3.2489
6.8904,1235.1,189.31,-23.317,102.73,0.019151,249.66,193.51,3.2642
6.9404,1244.5,188.16,-23.166,103.68,0.019498,250.16,193.49,3.2947
6.9904,1253.9,187.01,-22.979,104.63,0.019846,251.17,193.48,3.354
7.0404,1263.2,185.87,-22.816,105.57,0.020195,250.64,193.46,3.3244
7.0904,1272.5,184.74,-22.675,106.51,0.020545,249.66,193.44,3.2683
7.1404,1281.7,183.61,-22.61,107.44,0.020894,249.65,193.43,3.269
7.1904,1290.8,182.49,-22.578,108.36,0.021244,250.03,193.41,3.292
7.2404,1299.9,181.36,-22.546,109.27,0.021595,250.27,193.39,3.3069
7.2904,1309,180.24,-22.566,110.18,0.021947,251.22,193.37,3.363
7.3404,1318,179.12,-22.555,111.09,0.0223,250.51,193.36,3.3227
7.3904,1326.9,177.99,-22.493,111.99,0.022656,250.19,193.34,3.305
7.4404,1335.8,176.88,-22.436,112.89,0.023015,249.81,193.33,3.2836
7.4904,1344.6,175.76,-22.344,113.78,0.023377,249.8,193.32,3.2838
7.5404,1353.3,174.65,-22.198,114.68,0.023745,250.39,193.31,3.3191
7.5904,1362,173.55,-22.094,115.57,0.024118,250.54,193.29,3.3282
7.6404,1370.7,172.45,-21.967,116.45,0.024497,251.04,193.28,3.3583
7.6904,1379.3,171.36,-21.848,117.34,0.024881,250.86,193.27,3.3485
7.7404,1387.8,170.27,-21.695,118.22,0.025269,250.41,193.26,3.3232
7.7904,1396.3,169.19,-21.52,119.09,0.025657,249.63,193.25,3.2778
7.8404,1404.8,168.13,-21.383,119.96,0.026046,249.33,193.24,3.2614
7.8904,1413.1,167.06,-21.259,120.82,0.026433,249.14,193.23,3.2506
7.9404,1421.5,166,-21.175,121.67,0.026819,249.59,193.22,3.2775
7.9904,1429.7,164.95,-21.142,122.52,0.027203,250.75,193.21,3.3453
8.0404,1438,163.9,-21.082,123.36,0.027586,250.92,193.2,3.3556
8.0904,1446.1,162.85,-21.043,124.2,0.027969,250.14,193.19,3.3111
8.1404,1454.2,161.8,-20.982,125.03,0.028354,249.73,193.18,3.2876
8.1904,1462.3,160.75,-20.919,125.86,0.028743,249.35,193.18,3.2661
8.2404,1470.3,159.71,-20.828,126.69,0.029138,249.29,193.17,3.2631
8.2904,1478.3,158.67,-21.123,127.52,0.02954,248.93,193.16,3.2425
8.3404,1486.2,157.62,-22.537,128.35,0.029949,249.32,193.15,3.2659
8.3904,1494,156.5,-22.598,129.18,0.030364,250.09,193.15,3.3109
8.4404,1501.8,155.38,-22.33,130,0.030784,250.83,193.15,3.3534
8.4904,1509.6,154.27,-22.059,130.82,0.031208,250.2,193.15,3.317
8.5404,1517.3,153.17,-21.824,131.63,0.031632,249.59,193.15,3.2816
8.5904,1524.9,152.09,-21.608,132.43,0.032056,249.22,193.15,3.2599
8.6404,1532.5,151.01,-21.403,133.23,0.032478,248.94,193.15,3.2436
8.6904,1540,149.95,-21.213,134.02,0.032897,248.86,193.15,3.239
8.7404,1547.5,148.89,-21.059,134.81,0.033314,249.47,193.15,3.2744
8.7904,1554.9,147.84,-20.902,135.59,0.033728,249.89,193.15,3.2992
8.8404,1562.2,146.8,-20.751,136.36,0.034142,250.34,193.15,3.3255
8.8904,1569.6,145.77,-20.598,137.13,0.034556,250.65,193.15,3.3431
8.9404,1576.8,144.74,-20.483,137.9,0.03497,250.31,193.15,3.3232
8.9904,1584,143.72,-20.354,138.66,0.035387,249.72,193.15,3.2894
9.0404,1591.2,142.7,-20.209,139.42,0.035807,249.44,193.15,3.2731
9.0904,1598.3,141.7,-20.067,140.18,0.036231,249.15,193.15,3.2558
9.1404,1605.4,140.7,-19.914,140.93,0.036659,249.01,193.15,3.2479
9.1904,1612.4,139.71,-19.799,141.68,0.03709,248.33,193.15,3.2084
9.2404,1619.3,138.72,-19.596,142.43,0.037525,248.91,193.15,3.2418
9.2904,1626.2,137.75,-19.38,143.18,0.037963,249.8,193.15,3.2941
9.3404,1633.1,136.78,-19.191,143.93,0.038404,250.39,193.15,3.3283
9.3904,1639.9,135.83,-18.982,144.67,0.038846,250.13,193.15,3.313
9.4404,1646.7,134.88,-18.798,145.41,0.039289,249.23,193.15,3.2604
9.4904,1653.4,133.95,-18.624,146.14,0.039732,248.39,193.15,3.212
9.5404,1660.1,133.02,-18.479,146.87,0.040175,248.18,193.15,3.1994
9.5904,1666.7,132.1,-18.335,147.59,0.040617,247.9,193.15,3.1831
9.6404,1673.3,131.19,-18.209,148.31,0.041058,248.05,193.15,3.1921
9.6904,1679.8,130.28,-18.087,149.02,0.041497,248.22,193.15,3.2017
9.7404,1686.3,129.38,-17.994,149.72,0.041936,249.08,193.15,3.2518
9.7904,1692.8,128.48,-17.925,150.42,0.042375,250.39,193.15,3.3284
9.8404,1699.2,127.58,-17.914,151.12,0.042814,249,193.15,3.2472
9.8904,1705.5,126.69,-17.875,151.81,0.043253,247.69,193.15,3.1712
9.9404,1711.8,125.8,-17.732,152.51,0.043694,248.08,193.15,3.1938
9.9904,1718.1,124.92,-17.583,153.2,0.044136,248.56,193.15,3.222
10.04,1724.3,124.04,-17.485,153.89,0.044581,248.21,193.15,3.2015
10.09,1730.5,123.17,-17.34,154.58,0.045027,248.63,193.15,3.226
10.14,1736.7,122.3,-17.176,155.27,0.045477,249.49,193.15,3.2759
10.19,1742.7,121.45,-17.001,155.96,0.045929,250.78,193.15,3.3508
10.24,1748.8,120.6,-16.889,156.64,0.046384,250.74,193.15,3.3482
10.29,1754.8,119.76,-16.774,157.32,0.046842,250.7,193.15,3.3464
10.34,1760.8,118.93,-16.652,158,0.047302,250.37,193.15,3.3271
10.39,1766.7,118.1,-16.531,158.67,0.047764,249.99,193.15,3.3049
10.44,1772.6,117.27,-16.409,159.34,0.048227,249.5,193.15,3.2762
10.49,1778.4,116.45,-16.318,160.01,0.04869,249.81,193.15,3.2944
10.54,1784.2,115.64,-16.196,160.67,0.049154,249.16,193.15,3.2569
10.59,1790,114.83,-16.087,161.33,0.049618,248.8,193.15,3.2357
10.64,1795.7,114.03,-15.987,161.99,0.050081,248.66,193.15,3.2274
10.69,1801.4,113.24,-15.896,162.64,0.050544,248.75,193.15,3.2328
10.74,1807,112.44,-15.82,163.29,0.051007,249.26,193.15,3.2625
10.79,1812.6,111.65,-15.721,163.93,0.051469,248.96,193.15,3.2451
10.84,1818.2,110.87,-15.645,164.57,0.05193,249.36,193.15,3.2682
10.89,1823.7,110.09,-15.571,165.21,0.052392,249.71,193.15,3.2883
10.94,1829.2,109.31,-15.524,165.84,0.052854,250.6,193.15,3.3402
10.99,1834.7,108.54,-15.47,166.47,0.053317,249.82,193.15,3.2952
11.04,1840.1,107.77,-15.429,167.1,0.053781,248.83,193.15,3.2375
11.09,1845.4,107,-15.364,167.73,0.054246,248.44,193.15,3.2148
11.14,1850.8,106.23,-15.279,168.36,0.054713,248.5,193.15,3.2183
11.19,1856.1,105.47,-15.165,168.98,0.055182,249.21,193.15,3.2593
11.24,1861.3,104.71,-15.077,169.6,0.055653,249.36,193.15,3.2681
11.29,1866.5,103.96,-14.977,170.22,0.056127,249.84,193.15,3.2961
11.34,1871.7,103.21,-14.915,170.84,0.056602,249.39,193.15,3.2701
11.39,1876.9,102.47,-14.855,171.46,0.057079,248.9,193.15,3.2415
11.44,1882,101.73,-14.772,172.07,0.057557,248.99,193.15,3.2468
11.49,1887,100.99,-14.717,172.69,0.058037,248.42,193.15,3.2133
11.54,1892.1,100.26,-14.601,173.3,0.058518,249.35,193.15,3.2674
11.59,1897,99.531,-14.505,173.91,0.059,249.86,193.15,3.2976
11.64,1902,98.808,-14.425,174.52,0.059483,249.97,193.15,3.3038
11.69,1906.9,98.088,-14.347,175.13,0.059966,250.06,193.15,3.309
11.74,1911.8,97.374,-14.247,175.73,0.06045,250.34,193.15,3.3255
11.79,1916.7,96.664,-14.133,176.33,0.060934,248.79,193.15,3.2352
11.84,1921.5,95.96,-14.035,176.93,0.061419,247.72,193.15,3.1731
11.89,1926.3,95.26,-13.958,177.53,0.061904,247.32,193.15,3.1496
11.94,1931,94.564,-13.891,178.12,0.06239,247.23,193.15,3.1442
11.99,1935.7,93.871,-13.823,178.71,0.062875,247.08,193.15,3.1354
12.04,1940.4,93.181,-13.769,179.29,0.063361,247.44,193.15,3.1567
12.09,1945,92.495,-13.701,179.88,0.063847,247.19,193.15,3.1418
12.14,1949.6,91.811,-13.665,180.45,0.064334,248.16,193.15,3.1987
12.19,1954.2,91.128,-13.64,181.03,0.064821,249.52,193.15,3.2778
12.24,1958.8,90.447,-13.607,181.6,0.065308,250.49,193.15,3.3338
12.29,1963.3,89.767,-13.57,182.17,0.065797,249.98,193.15,3.3041
12.34,1967.7,89.089,-13.553,182.74,0.066286,248.71,193.15,3.2302
12.39,1972.2,88.412,-13.545,183.3,0.066777,247.35,193.15,3.1516
12.44,1976.6,87.736,-13.496,183.87,0.067268,247.15,193.15,3.1395
12.49,1980.9,87.063,-13.42,184.44,0.067761,247.62,193.15,3.1671
12.54,1985.3,86.393,-13.364,185,0.068255,247.58,193.15,3.165
12.59,1989.6,85.727,-13.286,185.57,0.068751,248.16,193.15,3.1982
12.64,1993.9,85.065,-13.199,186.13,0.069248,249.08,193.15,3.252
12.69,1998.1,84.406,-13.129,186.69,0.069746,249.56,193.15,3.2799
12.74,2002.3,83.752,-13.042,187.25,0.070245,250.4,193.15,3.3287
12.79,2006.5,83.101,-13.005,187.81,0.070746,250.11,193.15,3.3121
12.84,2010.6,82.452,-12.967,188.37,0.071248,249.54,193.15,3.2789
12.89,2014.7,81.805,-12.92,188.92,0.071752,249.33,193.15,3.2666
12.94,2018.8,81.16,-12.856,189.48,0.072257,249.75,193.15,3.2908
12.99,2022.8,80.518,-12.813,190.03,0.072763,249.42,193.15,3.2715
13.04,2026.8,79.879,-12.745,190.58,0.07327,250.07,193.15,3.3095
13.09,2030.8,79.243,-12.7,191.13,0.073779,249.84,193.15,3.2963
13.14,2034.8,78.61,-12.649,191.68,0.074288,249.89,193.15,3.2991
13.19,2038.7,77.979,-12.586,192.22,0.074799,250.53,193.15,3.336
13.24,2042.6,77.351,-12.53,192.77,0.075311,250.18,193.15,3.3157
13.29,2046.4,76.726,-12.443,193.31,0.075823,248.25,193.15,3.2037
13.34,2050.2,76.106,-12.389,193.85,0.076337,247.81,193.15,3.1779
13.39,2054,75.488,-12.34,194.39,0.076851,247.54,193.15,3.1621
13.44,2057.8,74.872,-12.278,194.93,0.077367,246.56,193.15,3.1054
13.49,2061.5,74.259,-12.255,195.46,0.077883,247.64,193.15,3.1683
13.54,2065.2,73.647,-12.223,196,0.078401,248.19,193.15,3.2003
13.59,2068.9,73.037,-12.171,196.53,0.078919,247.63,193.15,3.1674
13.64,2072.5,72.43,-12.118,197.05,0.079438,246.97,193.15,3.1294
13.69,2076.1,71.824,-12.107,197.58,0.079958,248.53,193.15,3.2202
13.74,2079.7,71.219,-12.08,198.1,0.080478,249.22,193.15,3.2604
13.79,2083.2,70.616,-12.048,198.62,0.081,249.65,193.15,3.2849
13.84,2086.8,70.014,-12.036,199.14,0.081522,249.97,193.15,3.3036
13.89,2090.2,69.413,-12.004,199.66,0.082045,249.64,193.15,3.2843
13.94,2093.7,68.814,-11.968,200.18,0.082569,249.5,193.15,3.2763
13.99,2097.1,68.216,-11.933,200.69,0.083094,249.4,193.15,3.2707
14.04,2100.5,67.62,-11.91,201.21,0.08362,248.71,193.15,3.2304
14.09,2103.9,67.025,-11.89,201.72,0.084146,247.93,193.15,3.1853
14.14,2107.2,66.431,-11.878,202.24,0.084673,246.87,193.15,3.1236
14.19,2110.5,65.838,-11.831,202.75,0.085201,247.28,193.15,3.1475
14.24,2113.8,65.248,-11.771,203.27,0.08573,248.28,193.15,3.2054
14.29,2117.1,64.661,-11.711,203.78,0.086259,249.47,193.15,3.2744
14.34,2120.3,64.077,-11.662,204.29,0.086789,250.22,193.15,3.318
14.39,2123.5,63.495,-11.612,204.8,0.087321,249.88,193.15,3.2987
14.44,2126.6,62.916,-11.561,205.31,0.087853,248.83,193.15,3.2375
14.49,2129.8,62.339,-11.51,205.81,0.088386,247.77,193.15,3.1757
14.54,2132.9,61.765,-11.464,206.32,0.088919,246.9,193.15,3.1252
14.59,2135.9,61.193,-11.41,206.82,0.089454,245.55,193.15,3.0467
14.64,2139,60.623,-11.384,207.33,0.08999,245.89,193.15,3.0667
14.69,2142,60.054,-11.363,207.82,0.090527,246.46,193.15,3.0994
14.74,2145,59.487,-11.343,208.32,0.091064,247.11,193.15,3.1375
14.79,2147.9,58.92,-11.333,208.82,0.091603,248.36,193.15,3.2101
14.84,2150.9,58.354,-11.309,209.31,0.092143,248.7,193.15,3.2296
14.89,2153.8,57.789,-11.28,209.8,0.092684,248.7,193.15,3.2298
14.94,2156.7,57.225,-11.268,210.29,0.093225,249.84,193.15,3.296
14.99,2159.5,56.662,-11.251,210.78,0.093768,250.36,193.15,3.3264
15.04,2162.3,56.1,-11.243,211.27,0.094312,249.16,193.15,3.2563
15.09,2165.1,55.539,-11.214,211.76,0.094857,249.19,193.15,3.2581
15.14,2167.9,54.979,-11.177,212.25,0.095403,249.75,193.15,3.2912
15.19,2170.6,54.42,-11.156,212.73,0.09595,249.36,193.15,3.2685
15.24,2173.3,53.863,-11.14,213.22,0.096498,248.7,193.15,3.2299
15.29,2176,53.306,-11.136,213.7,0.097048,247.48,193.15,3.1588
15.34,2178.6,52.75,-11.129,214.19,0.097598,246.47,193.15,3.1002
15.39,2181.3,52.194,-11.11,214.67,0.098149,246.06,193.15,3.0764
15.44,2183.9,51.638,-11.103,215.15,0.098701,245.13,193.15,3.0223
15.49,2186.4,51.084,-11.042,215.64,0.099254,246.77,193.15,3.1179
15.54,2189,50.533,-11.044,216.12,0.099809,245.39,193.15,3.0375
15.59,2191.5,49.981,-11.001,216.6,0.10036,246.16,193.15,3.0823
15.64,2194,49.433,-10.942,217.08,0.10092,248.01,193.15,3.1898
15.69,2196.4,48.886,-10.913,217.57,0.10148,248.27,193.15,3.205
15.74,2198.9,48.342,-10.866,218.05,0.10204,249.78,193.15,3.2929
15.79,2201.3,47.799,-10.839,218.53,0.1026,250,193.15,3.3053
15.84,2203.6,47.258,-10.817,219.01,0.10316,249.9,193.15,3.2995
15.89,2206,46.718,-10.778,219.48,0.10372,249.69,193.15,3.2873
15.94,2208.3,46.179,-10.768,219.96,0.10428,250.13,193.15,3.3128
15.99,2210.6,45.642,-10.733,220.44,0.10484,249.71,193.15,3.2887
16.04,2212.9,45.106,-10.694,220.91,0.10541,248.28,193.15,3.2057
16.09,2215.1,44.572,-10.671,221.39,0.10597,248.13,193.15,3.1969
16.14,2217.3,44.039,-10.633,221.86,0.10654,246.65,193.15,3.1105
16.19,2219.5,43.509,-10.601,222.33,0.10711,245.65,193.15,3.0528
16.24,2221.7,42.979,-10.575,222.8,0.10768,245.09,193.15,3.02
16.29,2223.8,42.451,-10.553,223.27,0.10825,244.92,193.15,3.0098
16.34,2225.9,41.924,-10.53,223.74,0.10882,244.55,193.15,2.9886
16.39,2228,41.398,-10.525,224.21,0.10939,245.71,193.15,3.0561
16.44,2230.1,40.872,-10.514,224.67,0.10996,246.37,193.15,3.0945
16.49,2232.1,40.346,-10.505,225.14,0.11053,247.25,193.15,3.1456
16.54,2234.1,39.821,-10.488,225.6,0.11111,247.35,193.15,3.1511
16.59,2236.1,39.297,-10.462,226.06,0.11168,246.56,193.15,3.1056
16.64,2238,38.775,-10.444,226.53,0.11226,246.49,193.15,3.1014
16.69,2240,38.253,-10.431,226.99,0.11284,246.92,193.15,3.1264
16.74,2241.9,37.732,-10.425,227.45,0.11342,248.07,193.15,3.1935
16.79,2243.7,37.211,-10.402,227.9,0.114,247.43,193.15,3.1558
16.84,2245.6,36.691,-10.378,228.36,0.11458,246.56,193.15,3.1056
16.89,2247.4,36.173,-10.347,228.82,0.11516,245.11,193.15,3.0209
16.94,2249.2,35.657,-10.321,229.27,0.11574,244.06,193.15,2.96
16.99,2251,35.141,-10.296,229.73,0.11632,243.15,193.15,2.907
17.04,2252.7,34.627,-10.275,230.18,0.11691,242.58,193.15,2.8741
17.09,2254.4,34.113,-10.267,230.63,0.11749,243.24,193.15,2.9125
17.14,2256.1,33.601,-10.238,231.09,0.11808,241.86,193.15,2.8319
17.19,2257.8,33.09,-10.209,231.54,0.11867,240.57,193.15,2.7572
17.24,2259.4,32.58,-10.196,231.98,0.11925,240.65,193.15,2.7618
17.29,2261,32.07,-10.186,232.43,0.11984,240.9,193.15,2.7766
17.34,2262.6,31.561,-10.161,232.88,0.12043,239.94,193.15,2.7208
17.39,2264.2,31.054,-10.148,233.32,0.12102,239.99,193.15,2.7234
17.44,2265.7,30.546,-10.153,233.76,0.12161,241.51,193.15,2.8117
17.49,2267.3,30.039,-10.125,234.21,0.12221,240.11,193.15,2.7302
17.54,2268.7,29.533,-10.105,234.65,0.1228,239.51,193.15,2.6956
17.59,2270.2,29.028,-10.1,235.08,0.1234,240.05,193.15,2.7272
17.64,2271.6,28.523,-10.094,235.52,0.12399,240.57,193.15,2.7572
17.69,2273.1,28.018,-10.108,235.96,0.12459,242.96,193.15,2.8963
17.74,2274.5,27.513,-10.098,236.4,0.12518,243.08,193.15,2.9034
17.79,2275.8,27.008,-10.09,236.83,0.12578,243.36,193.15,2.9195
17.84,2277.2,26.504,-10.069,237.26,0.12638,242.35,193.15,2.8609
17.89,2278.5,26.001,-10.082,237.7,0.12698,244.87,193.15,3.0071
17.94,2279.8,25.497,-10.082,238.13,0.12758,246.1,193.15,3.0786
17.99,2281,24.992,-10.091,238.56,0.12818,248.66,193.15,3.2275
18.04,2282.3,24.488,-10.092,238.99,0.12878,250.39,193.15,3.3282
18.09,2283.5,23.983,-10.084,239.42,0.12939,250.07,193.15,3.3094
18.14,2284.6,23.48,-10.058,239.85,0.12999,248.43,193.15,3.2141
18.19,2285.8,22.977,-10.055,240.28,0.1306,249.39,193.15,3.27
18.24,2286.9,22.474,-10.056,240.71,0.1312,249.68,193.15,3.2868
18.29,2288.1,21.971,-10.055,241.14,0.13181,248.27,193.15,3.205
18.34,2289.1,21.469,-10.028,241.57,0.13242,249.81,193.15,3.2943
18.39,2290.2,20.969,-10.003,242,0.13303,247.48,193.15,3.1592
18.44,2291.2,20.469,-9.996,242.42,0.13364,247.76,193.15,3.1753
18.49,2292.3,19.969,-9.9908,242.85,0.13425,248.36,193.15,3.2098
18.54,2293.2,19.469,-10.011,243.28,0.13486,247.49,193.15,3.1595
18.59,2294.2,18.969,-10.001,243.7,0.13548,247.51,193.15,3.1604
18.64,2295.1,18.469,-9.9826,244.13,0.13609,249.14,193.15,3.2555
18.69,2296,17.97,-9.9687,244.56,0.13671,250.1,193.15,3.3114
18.74,2296.9,17.472,-9.9377,244.98,0.13732,246.53,193.15,3.1035
18.79,2297.8,16.976,-9.9243,245.4,0.13794,245.59,193.15,3.0492
18.84,2298.6,16.48,-9.8982,245.83,0.13856,242.8,193.15,2.8868
18.89,2299.4,15.986,-9.8814,246.25,0.13919,241.44,193.15,2.8079
18.94,2300.2,15.493,-9.8473,246.68,0.13981,238.23,193.15,2.6213
18.99,2301,15.001,-9.8288,247.1,0.14043,236.9,193.15,2.5439
19.04,2301.7,14.51,-9.82,247.52,0.14106,236.48,193.15,2.5195
19.09,2302.4,14.019,-9.8177,247.94,0.14169,236.64,193.15,2.5288
19.14,2303.1,13.528,-9.7885,248.36,0.14232,234.36,193.15,2.3961
19.19,2303.8,13.039,-9.7758,248.78,0.14295,233.55,193.15,2.3492
19.24,2304.4,12.551,-9.7775,249.2,0.14358,233.87,193.15,2.3678
19.29,2305,12.062,-9.7598,249.62,0.14421,232.6,193.15,2.2941
19.34,2305.6,11.575,-9.7276,250.04,0.14485,230.43,193.15,2.1674
19.39,2306.2,11.089,-9.7246,250.45,0.14548,230.22,193.15,2.1554
19.44,2306.7,10.602,-9.7208,250.87,0.14612,229.93,193.15,2.1387
19.49,2307.3,10.117,-9.6729,251.28,0.14676,227.15,193.15,1.9772
19.54,2307.8,9.6347,-9.6413,251.7,0.1474,225.57,193.15,1.8848
19.59,2308.2,9.1535,-9.6066,252.11,0.14804,224.04,193.15,1.7959
19.64,2308.7,8.674,-9.5721,252.52,0.14868,222.68,193.15,1.7171
19.69,2309.1,8.1957,-9.5663,252.94,0.14932,222.22,193.15,1.6904
19.74,2309.5,7.7171,-9.5791,253.35,0.14997,222.27,193.15,1.6935
19.79,2309.9,7.2386,-9.5563,253.76,0.15062,221.27,193.15,1.6353
19.84,2310.2,6.7616,-9.5213,254.16,0.15126,220.04,193.15,1.5634
19.89,2310.5,6.286,-9.5062,254.57,0.15191,219.31,193.15,1.5212
19.94,2310.8,5.8106,-9.5126,254.98,0.15256,219.02,193.15,1.504
19.99,2311.1,5.3361,-9.4555,255.38,0.15322,217.52,193.15,1.4172
20.04,2311.4,4.8638,-9.4449,255.79,0.15387,216.9,193.15,1.3809
20.09,2311.6,4.3925,-9.4014,256.19,0.15452,215.84,193.15,1.3197
20.14,2311.8,3.9234,-9.3653,256.59,0.15518,214.97,193.15,1.2688
20.19,2312,3.4558,-9.3385,256.99,0.15583,214.23,193.15,1.226
20.24,2312.2,2.9901,-9.2871,257.39,0.15649,213.33,193.15,1.1733
20.29,2312.3,2.5261,-9.2834,257.79,0.15715,212.76,193.15,1.1402
20.34,2312.4,2.0625,-9.2513,258.19,0.15781,212.04,193.15,1.0983
20.39,2312.5,1.6,-9.2556,258.59,0.15847,211.5,193.15,1.0668
20.44,2312.6,1.1377,-9.2328,258.98,0.15913,210.85,193.15,1.0292
20.49,2312.6,0.67801,-9.144,259.38,0.15979,210.14,193.15,0.98794
20.54,2312.6,0.22266,-9.0757,259.77,0.16045,209.59,193.15,0.95582
20.59,2312.6,-0.22965,-9.0172,260.16,0.16112,209.11,193.15,0.92824
20.64,2312.6,-0.67924,-8.9675,260.55,0.16178,208.68,193.15,0.90334
20.69,2312.6,-1.1263,-8.9135,260.94,0.16245,208.3,193.15,0.88088
20.74,2312.5,-1.5711,-8.8849,261.33,0.16312,207.9,193.15,0.85761
20.79,2312.4,-2.0142,-8.8348,261.72,0.16379,207.55,193.15,0.8376
20.84,2312.3,-2.4546,-8.7775,262.1,0.16446,207.25,193.15,0.82007
20.89,2312.2,-2.8918,-8.7129,262.49,0.16513,207,193.15,0.8052
20.94,2312,-3.3266,-8.6814,262.87,0.1658,206.66,193.15,0.78558
20.99,2311.8,-3.76,-8.6544,263.25,0.16647,206.3,193.15,0.76494
21.04,2311.6,-4.193,-8.6735,263.63,0.16715,205.75,193.15,0.73289
21.09,2311.4,-4.6258,-8.6266,264.01,0.16783,205.45,193.15,0.71546
21.14,2311.2,-5.0555,-8.559,264.39,0.1685,205.25,193.15,0.70396
21.19,2310.9,-5.482,-8.5036,264.77,0.16918,205.01,193.15,0.6898
21.24,2310.6,-5.9068,-8.4974,265.14,0.16986,204.52,193.15,0.66139
21.29,2310.3,-6.3314,-8.48,265.52,0.17054,204.07,193.15,0.63497
21.34,2310,-6.7544,-8.4385,265.89,0.17122,203.73,193.15,0.6155
21.39,2309.7,-7.1746,-8.3656,266.26,0.1719,203.57,193.15,0.60611
21.44,2309.3,-7.591,-8.2912,266.63,0.17259,203.42,193.15,0.59729
21.49,2308.9,-8.0036,-8.2109,267,0.17327,203.3,193.15,0.59041
21.54,2308.5,-8.4117,-8.1093,267.37,0.17395,203.3,193.15,0.59038
21.59,2308.1,-8.8158,-8.065,267.74,0.17464,202.98,193.15,0.57166
21.64,2307.6,-9.2171,-7.9803,268.11,0.17533,202.87,193.15,0.56555
21.69,2307.1,-9.6139,-7.8914,268.48,0.17601,202.79,193.15,0.56049
21.74,2306.6,-10.006,-7.792,268.84,0.1767,202.75,193.15,0.55836
21.79,2306.1,-10.394,-7.7371,269.21,0.17739,202.46,193.15,0.54169
21.84,2305.6,-10.779,-7.63,269.57,0.17808,202.45,193.15,0.5407
21.89,2305.1,-11.157,-7.4978,269.93,0.17877,202.55,193.15,0.54682
21.94,2304.5,-11.53,-7.4216,270.29,0.17946,202.35,193.15,0.53512
21.99,2303.9,-11.898,-7.3291,270.66,0.18015,202.22,193.15,0.5276
22.04,2303.3,-12.263,-7.2415,271.02,0.18084,202.06,193.15,0.51798
22.09,2302.7,-12.622,-7.1315,271.38,0.18154,201.98,193.15,0.51382
22.14,2302,-12.976,-7.0471,271.73,0.18223,201.79,193.15,0.50226
22.19,2301.4,-13.326,-6.927,272.09,0.18293,201.73,193.15,0.49897
22.24,2300.7,-13.669,-6.7951,272.45,0.18363,201.7,193.15,0.4974
22.29,2300,-14.006,-6.6721,272.8,0.18433,201.62,193.15,0.4928
22.34,2299.3,-14.335,-6.5095,273.16,0.18502,201.66,193.15,0.49525
22.39,2298.6,-14.657,-6.3717,273.51,0.18573,201.6,193.15,0.49136
22.44,2297.8,-14.972,-6.2321,273.87,0.18643,201.52,193.15,0.48687
22.49,2297.1,-15.28,-6.0756,274.22,0.18713,201.47,193.15,0.48419
22.54,2296.3,-15.58,-5.9415,274.57,0.18783,201.36,193.15,0.47768
22.59,2295.5,-15.874,-5.798,274.92,0.18854,201.27,193.15,0.47249
22.64,2294.7,-16.161,-5.6911,275.27,0.18925,201.15,193.15,0.46536
22.69,2293.9,-16.442,-5.5486,275.62,0.18995,201.1,193.15,0.46257
22.74,2293.1,-16.715,-5.3672,275.96,0.19066,201.09,193.15,0.46178
22.79,2292.2,-16.979,-5.1971,276.31,0.19137,201.08,193.15,0.46141
22.84,2291.4,-17.235,-5.0475,276.65,0.19208,201.1,193.15,0.46265
22.89,2290.5,-17.484,-4.8729,276.99,0.19278,201.15,193.15,0.46506
22.94,2289.6,-17.722,-4.6527,277.33,0.19349,201.18,193.15,0.46682
22.99,2288.7,-17.95,-4.4681,277.67,0.19419,201.25,193.15,0.47131
23.04,2287.8,-18.169,-4.2959,278,0.1949,201.37,193.15,0.47825
23.09,2286.9,-18.38,-4.1844,278.33,0.1956,201.61,193.15,0.49187
23.14,2286,-18.586,-4.0258,278.65,0.1963,201.82,193.15,0.50441
23.19,2285.1,-18.784,-3.8993,278.98,0.197,202.12,193.15,0.52193
23.24,2284.1,-18.973,-3.6588,279.29,0.19769,202.27,193.15,0.53031
23.29,2283.2,-19.153,-3.5622,279.6,0.19838,202.67,193.15,0.55385
23.34,2282.2,-19.331,-3.5448,279.91,0.19907,203.26,193.15,0.58811
23.39,2281.2,-19.508,-3.5639,280.21,0.19975,203.98,193.15,0.62971
23.44,2280.3,-19.689,-3.6913,280.5,0.20042,205,193.15,0.689
23.49,2279.3,-19.878,-3.8505,280.78,0.20109,206.19,193.15,0.75813
23.54,2278.3,-20.072,-3.9131,281.05,0.20174,207.16,193.15,0.81463
23.59,2277.3,-20.273,-4.1447,281.31,0.20239,208.67,193.15,0.90249
23.734,2274.3,-20.889,-4.2685,282.01,0.2042,NaN,NaN,NaN
23.832,2272.2,-21.291,-4.1352,282.45,0.20539,NaN,NaN,NaN
23.933,2270.1,-21.699,-4.0238,282.88,0.20659,NaN,NaN,NaN
24.037,2267.8,-22.094,-3.7984,283.28,0.2078,NaN,NaN,NaN
24.143,2265.4,-22.474,-3.5812,283.66,0.209,NaN,NaN,NaN
24.252,2263,-22.839,-3.37,284.01,0.21018,NaN,NaN,NaN
24.365,2260.4,-23.207,-3.2469,284.34,0.21139,NaN,NaN,NaN
24.484,2257.6,-23.581,-3.1245,284.65,0.21262,NaN,NaN,NaN
24.607,2254.7,-23.936,-2.9083,284.92,0.21384,NaN,NaN,NaN
24.736,2251.5,-24.297,-2.7841,285.16,0.21509,NaN,NaN,NaN
24.877,2248.1,-24.678,-2.7008,285.38,0.2164,NaN,NaN,NaN
25.025,2244.4,-25.046,-2.4914,285.56,0.21771,NaN,NaN,NaN
25.182,2240.4,-25.411,-2.3199,285.7,0.21905,NaN,NaN,NaN
25.349,2236.2,-25.766,-2.1284,285.79,0.2204,NaN,NaN,NaN
25.532,2231.4,-26.126,-1.9709,285.82,0.2218,NaN,NaN,NaN
25.711,2226.7,-26.428,-1.6861,285.78,0.2231,NaN,NaN,NaN
25.9,2221.7,-26.716,-1.5217,285.67,0.22439,NaN,NaN,NaN
26.106,2216.2,-27,-1.3829,285.46,0.22571,NaN,NaN,NaN
26.34,2209.8,-27.296,-1.2624,285.13,0.2271,NaN,NaN,NaN
26.627,2201.9,-27.624,-1.1427,284.61,0.22866,NaN,NaN,NaN
26.918,2193.9,-27.889,-0.91075,283.97,0.23008,NaN,NaN,NaN
27.238,2184.9,-28.129,-0.75085,283.12,0.23148,NaN,NaN,NaN
27.534,2176.6,-28.293,-0.55359,282.21,0.23262,NaN,NaN,NaN
27.921,2165.5,-28.487,-0.50048,280.83,0.23393,NaN,NaN,NaN
28.325,2154,-28.634,-0.3651,279.2,0.23507,NaN,NaN,NaN
28.804,2140.3,-28.768,-0.27815,277.04,0.23617,NaN,NaN,NaN
29.304,2125.8,-28.87,-0.20546,274.58,0.23705,NaN,NaN,NaN
29.804,2111.4,-28.942,-0.14377,272,0.2377,NaN,NaN,NaN
30.304,2096.9,-28.978,-0.070779,269.32,0.23815,NaN,NaN,NaN
30.804,2082.4,-28.994,-0.032114,266.5,0.23844,NaN,NaN,NaN
31.304,2067.9,-29.002,-0.016634,263.57,0.23857,NaN,NaN,NaN
31.804,2053.4,-29.003,-0.0021572,260.57,0.23858,NaN,NaN,NaN
32.304,2038.9,-28.995,0.016149,257.51,0.23849,NaN,NaN,NaN
32.804,2024.4,-28.985,0.020336,254.39,0.2383,NaN,NaN,NaN
33.304,2009.9,-28.972,0.02655,251.24,0.23804,NaN,NaN,NaN
33.804,1995.5,-28.953,0.037387,248.05,0.23771,NaN,NaN,NaN
34.304,1981,-28.93,0.044898,244.75,0.23732,NaN,NaN,NaN
34.804,1966.5,-28.909,0.042009,241.33,0.23689,NaN,NaN,NaN
35.304,1952.1,-28.892,0.034006,237.88,0.23641,NaN,NaN,NaN
35.804,1937.6,-28.875,0.035548,234.46,0.23589,NaN,NaN,NaN
36.304,1923.2,-28.856,0.038085,231.05,0.23534,NaN,NaN,NaN
36.804,1908.8,-28.835,0.040364,227.63,0.23476,NaN,NaN,NaN
37.304,1894.4,-28.815,0.040278,224.2,0.23416,NaN,NaN,NaN
37.804,1880,-28.793,0.045202,220.72,0.23355,NaN,NaN,NaN
38.304,1865.6,-28.773,0.039923,217.2,0.23292,NaN,NaN,NaN
38.804,1851.2,-28.752,0.041692,213.66,0.23227,NaN,NaN,NaN
39.304,1836.8,-28.731,0.041101,210.11,0.23161,NaN,NaN,NaN
39.804,1822.5,-28.711,0.040846,206.58,0.23094,NaN,NaN,NaN
40.304,1808.1,-28.69,0.041512,203.04,0.23026,NaN,NaN,NaN
40.804,1793.8,-28.669,0.042304,199.5,0.22957,NaN,NaN,NaN
41.304,1779.4,-28.646,0.046778,196.03,0.22888,NaN,NaN,NaN
41.804,1765.1,-28.626,0.039531,192.62,0.22819,NaN,NaN,NaN
42.304,1750.8,-28.606,0.04012,189.25,0.22749,NaN,NaN,NaN
42.804,1736.5,-28.586,0.039452,185.89,0.2268,NaN,NaN,NaN
43.304,1722.2,-28.566,0.040152,182.54,0.22611,NaN,NaN,NaN
43.804,1708,-28.546,0.040295,179.2,0.22542,NaN,NaN,NaN
44.304,1693.7,-28.525,0.040762,175.86,0.22473,NaN,NaN,NaN
44.804,1679.4,-28.504,0.043202,172.5,0.22404,NaN,NaN,NaN
45.304,1665.2,-28.484,0.038814,169.11,0.22336,NaN,NaN,NaN
45.804,1650.9,-28.463,0.042012,165.76,0.22267,NaN,NaN,NaN
46.304,1636.7,-28.444,0.038589,162.43,0.22199,NaN,NaN,NaN
46.804,1622.5,-28.421,0.046528,159.04,0.22131,NaN,NaN,NaN
47.304,1608.3,-28.401,0.040295,155.57,0.22063,NaN,NaN,NaN
47.804,1594.1,-28.381,0.039551,152.03,0.21994,NaN,NaN,NaN
48.304,1579.9,-28.359,0.044324,148.42,0.21925,NaN,NaN,NaN
48.804,1565.7,-28.341,0.035417,144.73,0.21855,NaN,NaN,NaN
49.304,1551.6,-28.317,0.048279,140.97,0.21785,NaN,NaN,NaN
49.804,1537.4,-28.3,0.033254,137.12,0.21713,NaN,NaN,NaN
50.304,1523.3,-28.282,0.037344,133.3,0.21641,NaN,NaN,NaN
50.804,1509.1,-28.262,0.038465,129.53,0.21568,NaN,NaN,NaN
51.304,1495,-28.241,0.041941,125.85,0.21494,NaN,NaN,NaN
51.804,1480.9,-28.223,0.035876,122.2,0.2142,NaN,NaN,NaN
52.304,1466.8,-28.204,0.038938,118.55,0.21347,NaN,NaN,NaN
52.804,1452.7,-28.186,0.03661,114.92,0.21273,NaN,NaN,NaN
53.304,1438.6,-28.167,0.037723,111.26,0.212,NaN,NaN,NaN
53.804,1424.5,-28.145,0.043071,107.63,0.21126,NaN,NaN,NaN
54.304,1410.5,-28.127,0.037551,104.03,0.21053,NaN,NaN,NaN
54.804,1396.4,-28.108,0.037822,100.41,0.2098,NaN,NaN,NaN
55.304,1382.4,-28.088,0.038642,96.79,0.20907,NaN,NaN,NaN
55.804,1368.3,-28.061,0.055087,93.235,0.20834,NaN,NaN,NaN
56.304,1354.3,-28.044,0.033386,89.753,0.20762,NaN,NaN,NaN
56.804,1340.3,-28.023,0.042989,86.225,0.2069,NaN,NaN,NaN
57.304,1326.3,-28.004,0.036954,82.678,0.20618,NaN,NaN,NaN
57.804,1312.3,-27.983,0.042333,79.114,0.20547,NaN,NaN,NaN
58.304,1298.3,-27.966,0.033913,75.497,0.20475,NaN,NaN,NaN
58.804,1284.3,-27.947,0.038335,71.844,0.20404,NaN,NaN,NaN
59.304,1270.3,-27.929,0.035832,68.17,0.20332,NaN,NaN,NaN
59.804,1256.4,-27.91,0.038182,64.482,0.2026,NaN,NaN,NaN
60.304,1242.4,-27.89,0.038634,60.749,0.20188,NaN,NaN,NaN
60.804,1228.5,-27.872,0.036695,56.998,0.20116,NaN,NaN,NaN
61.304,1214.6,-27.849,0.045591,53.304,0.20043,NaN,NaN,NaN
61.804,1200.6,-27.832,0.034731,49.672,0.1997,NaN,NaN,NaN
62.304,1186.7,-27.813,0.038232,46.079,0.19897,NaN,NaN,NaN
62.804,1172.8,-27.795,0.03597,42.53,0.19825,NaN,NaN,NaN
63.304,1158.9,-27.77,0.049031,39.057,0.19753,NaN,NaN,NaN
63.804,1145,-27.751,0.038719,35.696,0.19682,NaN,NaN,NaN
64.304,1131.2,-27.734,0.033176,32.357,0.19611,NaN,NaN,NaN
64.804,1117.3,-27.718,0.033564,29.011,0.19542,NaN,NaN,NaN
65.304,1103.5,-27.701,0.034149,25.684,0.19473,NaN,NaN,NaN
65.804,1089.6,-27.683,0.035537,22.372,0.19404,NaN,NaN,NaN
66.304,1075.8,-27.665,0.035744,19.067,0.19336,NaN,NaN,NaN
66.804,1061.9,-27.643,0.043038,15.709,0.19269,NaN,NaN,NaN
67.304,1048.1,-27.626,0.034366,12.32,0.19202,NaN,NaN,NaN
67.804,1034.3,-27.609,0.035192,8.9302,0.19135,NaN,NaN,NaN
68.304,1020.5,-27.588,0.040771,5.4851,0.19068,NaN,NaN,NaN
68.804,1006.7,-27.571,0.035349,2.0231,0.19001,NaN,NaN,NaN
69.304,992.95,-27.553,0.035499,-1.3899,0.18934,NaN,NaN,NaN
69.804,979.18,-27.535,0.03465,-4.7678,0.18867,NaN,NaN,NaN
70.304,965.42,-27.513,0.045256,-8.0795,0.188,NaN,NaN,NaN
70.804,951.67,-27.496,0.032955,-11.336,0.18733,NaN,NaN,NaN
71.304,937.92,-27.478,0.036462,-14.57,0.18667,NaN,NaN,NaN
71.804,924.19,-27.458,0.039922,-17.817,0.18602,NaN,NaN,NaN
72.304,910.47,-27.43,0.055597,-21.183,0.18536,NaN,NaN,NaN
72.804,896.75,-27.415,0.030352,-24.655,0.18471,NaN,NaN,NaN
73.304,883.05,-27.399,0.031712,-28.172,0.18406,NaN,NaN,NaN
73.804,869.36,-27.379,0.040077,-31.659,0.18339,NaN,NaN,NaN
74.304,855.67,-27.363,0.031721,-35.106,0.18273,NaN,NaN,NaN
74.804,841.99,-27.347,0.033647,-38.568,0.18206,NaN,NaN,NaN
75.304,828.32,-27.325,0.042674,-42.088,0.1814,NaN,NaN,NaN
75.804,814.67,-27.308,0.035194,-45.686,0.18073,NaN,NaN,NaN
76.304,801.02,-27.29,0.034469,-49.332,0.18005,NaN,NaN,NaN
76.804,787.38,-27.273,0.035124,-52.978,0.17937,NaN,NaN,NaN
77.304,773.74,-27.255,0.036525,-56.577,0.17868,NaN,NaN,NaN
77.804,760.12,-27.234,0.040552,-60.105,0.178,NaN,NaN,NaN
78.304,746.51,-27.217,0.03523,-63.559,0.17731,NaN,NaN,NaN
78.804,732.91,-27.199,0.034458,-67.006,0.17663,NaN,NaN,NaN
79.304,719.31,-27.183,0.033699,-70.466,0.17594,NaN,NaN,NaN
79.804,705.72,-27.164,0.038058,-73.95,0.17527,NaN,NaN,NaN
80.304,692.15,-27.144,0.039267,-77.425,0.17459,NaN,NaN,NaN
80.804,678.58,-27.128,0.032579,-80.845,0.17391,NaN,NaN,NaN
81.304,665.02,-27.111,0.033121,-84.249,0.17324,NaN,NaN,NaN
81.804,651.47,-27.093,0.035547,-87.672,0.17257,NaN,NaN,NaN
82.304,637.93,-27.076,0.033841,-91.118,0.1719,NaN,NaN,NaN
82.804,624.39,-27.058,0.037002,-94.59,0.17123,NaN,NaN,NaN
83.304,610.87,-27.04,0.036583,-98.121,0.17057,NaN,NaN,NaN
83.804,597.35,-27.022,0.034397,-101.66,0.1699,NaN,NaN,NaN
84.304,583.84,-27.006,0.033533,-105.19,0.16922,NaN,NaN,NaN
84.804,570.35,-26.987,0.036738,-108.7,0.16855,NaN,NaN,NaN
85.304,556.86,-26.971,0.033047,-112.16,0.16788,NaN,NaN,NaN
85.804,543.38,-26.951,0.040462,-115.57,0.16721,NaN,NaN,NaN
86.304,529.91,-26.933,0.034722,-118.9,0.16654,NaN,NaN,NaN
86.804,516.44,-26.918,0.031164,-122.21,0.16588,NaN,NaN,NaN
87.304,502.99,-26.9,0.036053,-125.56,0.16522,NaN,NaN,NaN
87.804,489.54,-26.884,0.032161,-128.95,0.16457,NaN,NaN,NaN
88.304,476.11,-26.866,0.0356,-132.4,0.16391,NaN,NaN,NaN
88.306,476.06,-26.366,301.23,-132.41,0.16391,NaN,NaN,NaN
88.308,476.02,-25.866,289.76,-132.42,0.16391,NaN,NaN,NaN
88.31,475.97,-25.366,278.51,-132.44,0.16391,NaN,NaN,NaN
88.311,475.92,-24.866,267.48,-132.45,0.1639,NaN,NaN,NaN
88.313,475.88,-24.366,256.66,-132.46,0.1639,NaN,NaN,NaN
88.315,475.83,-23.866,246.06,-132.48,0.1639,NaN,NaN,NaN
88.317,475.78,-23.367,235.67,-132.49,0.1639,NaN,NaN,NaN
88.32,475.73,-22.867,225.49,-132.51,0.1639,NaN,NaN,NaN
88.322,475.67,-22.367,215.53,-132.52,0.16389,NaN,NaN,NaN
88.324,475.62,-21.867,205.79,-132.54,0.16389,NaN,NaN,NaN
88.327,475.56,-21.367,196.26,-132.56,0.16389,NaN,NaN,NaN
88.33,475.51,-20.867,186.95,-132.58,0.16388,NaN,NaN,NaN
88.332,475.45,-20.367,177.85,-132.6,0.16388,NaN,NaN,NaN
88.335,475.39,-19.867,168.97,-132.62,0.16388,NaN,NaN,NaN
88.339,475.33,-19.367,160.3,-132.64,0.16388,NaN,NaN,NaN
88.342,475.27,-18.868,151.85,-132.66,0.16387,NaN,NaN,NaN
88.345,475.2,-18.368,143.62,-132.69,0.16387,NaN,NaN,NaN
88.349,475.13,-17.868,135.6,-132.71,0.16387,NaN,NaN,NaN
88.353,475.07,-17.368,127.79,-132.74,0.16386,NaN,NaN,NaN
88.357,474.99,-16.868,120.2,-132.77,0.16386,NaN,NaN,NaN
88.362,474.92,-16.368,112.82,-132.8,0.16386,NaN,NaN,NaN
88.366,474.84,-15.868,105.65,-132.84,0.16385,NaN,NaN,NaN
88.371,474.77,-15.368,98.704,-132.87,0.16385,NaN,NaN,NaN
88.377,474.68,-14.868,91.974,-132.91,0.16384,NaN,NaN,NaN
88.383,474.6,-14.368,85.46,-132.96,0.16384,NaN,NaN,NaN
88.389,474.51,-13.868,79.164,-133,0.16384,NaN,NaN,NaN
88.396,474.42,-13.368,73.086,-133.05,0.16383,NaN,NaN,NaN
88.403,474.32,-12.868,67.226,-133.1,0.16383,NaN,NaN,NaN
88.411,474.22,-12.368,61.58,-133.16,0.16382,NaN,NaN,NaN
88.42,474.11,-11.869,56.143,-133.22,0.16382,NaN,NaN,NaN
88.43,473.99,-11.369,50.921,-133.29,0.16381,NaN,NaN,NaN
88.441,473.87,-10.869,45.915,-133.37,0.1638,NaN,NaN,NaN
88.453,473.74,-10.369,41.123,-133.46,0.1638,NaN,NaN,NaN
88.467,473.6,-9.8691,36.546,-133.56,0.16379,NaN,NaN,NaN
88.482,473.46,-9.3691,32.183,-133.67,0.16378,NaN,NaN,NaN
88.5,473.29,-8.8691,28.038,-133.79,0.16378,NaN,NaN,NaN
88.521,473.11,-8.3693,24.114,-133.94,0.16377,NaN,NaN,NaN
88.545,472.91,-7.8694,20.399,-134.11,0.16376,NaN,NaN,NaN
88.575,472.69,-7.3694,16.899,-134.32,0.16375,NaN,NaN,NaN
88.612,472.43,-6.8697,13.619,-134.59,0.16373,NaN,NaN,NaN
88.659,472.11,-6.3698,10.55,-134.92,0.16372,NaN,NaN,NaN
88.723,471.72,-5.8728,7.7176,-135.38,0.1637,NaN,NaN,NaN
88.821,471.17,-5.3769,5.0897,-136.07,0.16367,NaN,NaN,NaN
89.003,470.24,-4.8879,2.6847,-137.36,0.16363,NaN,NaN,NaN
89.137,469.59,-4.7464,1.0557,-138.35,0.16359,NaN,NaN,NaN
89.637,467.21,-4.77,-0.047096,-142.25,0.16347,NaN,NaN,NaN
89.831,466.29,-4.7062,0.328,-143.76,0.16342,NaN,NaN,NaN
89.996,465.52,-4.6744,0.19357,-144.95,0.16338,NaN,NaN,NaN
90.474,463.25,-4.8247,-0.31451,-148.18,0.16326,NaN,NaN,NaN
90.882,461.31,-4.6941,0.31978,-150.75,0.16316,NaN,NaN,NaN
91.382,458.92,-4.8352,-0.28224,-153.75,0.16306,NaN,NaN,NaN
91.659,457.6,-4.7118,0.44591,-155.48,0.163,NaN,NaN,NaN
92.159,455.22,-4.8107,-0.19791,-158.65,0.16289,NaN,NaN,NaN
92.558,453.32,-4.7012,0.27448,-161.04,0.16281,NaN,NaN,NaN
93.058,450.94,-4.8201,-0.2378,-163.87,0.1627,NaN,NaN,NaN
93.385,449.39,-4.7051,0.35201,-165.76,0.16264,NaN,NaN,NaN
93.732,447.75,-4.7475,-0.12209,-167.94,0.16257,NaN,NaN,NaN
94.232,445.37,-4.7733,-0.051652,-171.18,0.16247,NaN,NaN,NaN
94.732,442.99,-4.7425,0.061675,-174.45,0.16236,NaN,NaN,NaN
94.946,441.98,-4.7013,0.19183,-175.93,0.16231,NaN,NaN,NaN
95.233,440.62,-4.7253,-0.08333,-178.05,0.16225,NaN,NaN,NaN
95.733,438.24,-4.7884,-0.12625,-181.92,0.16212,NaN,NaN,NaN
96.233,435.87,-4.7214,0.13407,-185.89,0.16199,NaN,NaN,NaN
96.62,434.04,-4.7459,-0.063323,-188.91,0.16189,NaN,NaN,NaN
96.978,432.34,-4.7274,0.051688,-191.52,0.16179,NaN,NaN,NaN
97.478,429.96,-4.7764,-0.098015,-195.13,0.16167,NaN,NaN,NaN
97.684,428.99,-4.7029,0.35686,-196.7,0.16162,NaN,NaN,NaN
98.184,426.62,-4.7871,-0.16839,-200.76,0.16149,NaN,NaN,NaN
98.608,424.6,-4.7029,0.19843,-204.2,0.16137,NaN,NaN,NaN
99.108,422.23,-4.7887,-0.17154,-208.02,0.16124,NaN,NaN,NaN
99.546,420.15,-4.699,0.20481,-211.16,0.16112,NaN,NaN,NaN
99.777,419.07,-4.6975,0.0064715,-212.82,0.16107,NaN,NaN,NaN
100.13,417.39,-4.7435,-0.12932,-215.55,0.16098,NaN,NaN,NaN
100.36,416.29,-4.7008,0.18403,-217.33,0.16092,NaN,NaN,NaN
100.83,414.08,-4.7734,-0.15542,-220.91,0.1608,NaN,NaN,NaN
101.13,412.68,-4.7071,0.22334,-223.19,0.16073,NaN,NaN,NaN
101.55,410.68,-4.7549,-0.11311,-226.22,0.16062,NaN,NaN,NaN
102.01,408.48,-4.7216,0.071742,-229.32,0.16051,NaN,NaN,NaN
102.51,406.11,-4.7689,-0.094578,-232.62,0.16039,NaN,NaN,NaN
103.01,403.73,-4.7308,0.076122,-236.02,0.16028,NaN,NaN,NaN
103.51,401.36,-4.7653,-0.068945,-239.38,0.16017,NaN,NaN,NaN
104.01,398.99,-4.7176,0.095354,-242.58,0.16005,NaN,NaN,NaN
104.3,397.66,-4.7095,0.028712,-244.4,0.15999,NaN,NaN,NaN
104.51,396.66,-4.6871,0.10524,-245.89,0.15994,NaN,NaN,NaN
104.86,395.01,-4.7391,-0.14834,-248.51,0.15986,NaN,NaN,NaN
105.36,392.64,-4.7393,-3.3548e-4,-252.26,0.15974,NaN,NaN,NaN
105.86,390.26,-4.7502,-0.021725,-255.84,0.15961,NaN,NaN,NaN
106.09,389.2,-4.6944,0.24672,-257.49,0.15956,NaN,NaN,NaN
106.59,386.82,-4.7989,-0.20903,-261.23,0.15943,NaN,NaN,NaN
106.92,385.24,-4.6909,0.32445,-263.78,0.15935,NaN,NaN,NaN
107.18,384.04,-4.7,-0.035514,-265.74,0.15928,NaN,NaN,NaN
107.61,381.99,-4.7516,-0.11886,-268.84,0.15917,NaN,NaN,NaN
108.11,379.62,-4.7256,0.051867,-272.2,0.15905,NaN,NaN,NaN
108.6,377.3,-4.7375,-0.024158,-275.28,0.15894,NaN,NaN,NaN
109.07,375.06,-4.7232,0.030026,-278.03,0.15884,NaN,NaN,NaN
109.57,372.69,-4.7481,-0.049713,-280.9,0.15874,NaN,NaN,NaN
109.88,371.24,-4.7015,0.15199,-282.81,0.15868,NaN,NaN,NaN
110.38,368.88,-4.7644,-0.12586,-285.92,0.15858,NaN,NaN,NaN
110.69,367.42,-4.6966,0.21945,-287.84,0.15851,NaN,NaN,NaN
111.03,365.82,-4.7222,-0.075307,-290.14,0.15844,NaN,NaN,NaN
111.53,363.44,-4.7607,-0.076907,-293.61,0.15833,NaN,NaN,NaN
112.03,361.08,-4.7035,0.11439,-296.97,0.15821,NaN,NaN,NaN
112.34,359.6,-4.711,-0.023921,-299.11,0.15814,NaN,NaN,NaN
112.84,357.23,-4.7552,-0.088438,-302.53,0.15802,NaN,NaN,NaN
113.34,354.86,-4.7167,0.077043,-305.79,0.15791,NaN,NaN,NaN
113.75,352.93,-4.7225,-0.014237,-308.51,0.15782,NaN,NaN,NaN
114.04,351.56,-4.6989,0.081039,-310.46,0.15776,NaN,NaN,NaN
114.34,350.16,-4.7048,-0.019589,-312.45,0.15769,NaN,NaN,NaN
114.84,347.79,-4.7605,-0.11154,-315.82,0.15757,NaN,NaN,NaN
115.34,345.43,-4.7008,0.11954,-319.19,0.15746,NaN,NaN,NaN
115.84,343.06,-4.7515,-0.10153,-322.53,0.15735,NaN,NaN,NaN
116.32,340.82,-4.6947,0.11937,-325.72,0.15724,NaN,NaN,NaN
116.82,338.45,-4.7775,-0.16554,-329.16,0.15713,NaN,NaN,NaN
117.32,336.08,-4.6879,0.17909,-332.56,0.15701,NaN,NaN,NaN
117.82,333.72,-4.7737,-0.17153,-336.01,0.1569,NaN,NaN,NaN
118.32,331.35,-4.6789,0.18959,-339.62,0.15678,NaN,NaN,NaN
118.82,328.99,-4.7879,-0.21809,-343.36,0.15666,NaN,NaN,NaN
119.18,327.28,-4.6727,0.31869,-346,0.15657,NaN,NaN,NaN
119.57,325.44,-4.7358,-0.16168,-348.66,0.15647,NaN,NaN,NaN
119.79,324.41,-4.6781,0.26382,-350.15,0.15642,NaN,NaN,NaN
119.97,323.55,-4.6539,0.13135,-351.5,0.15638,NaN,NaN,NaN
120.47,321.19,-4.8026,-0.29734,-355.36,0.15625,NaN,NaN,NaN
120.85,319.41,-4.6604,0.37889,-358.4,0.15616,NaN,NaN,NaN
121.35,317.05,-4.7821,-0.24333,-362.46,0.15602,NaN,NaN,NaN
121.53,316.21,-4.6816,0.56206,-363.83,0.15597,NaN,NaN,NaN
122.03,313.84,-4.7715,-0.17965,-367.46,0.15584,NaN,NaN,NaN
122.44,311.88,-4.6699,0.24449,-370.31,0.15574,NaN,NaN,NaN
122.73,310.54,-4.6957,-0.090002,-372.14,0.15567,NaN,NaN,NaN
123.23,308.18,-4.7498,-0.10818,-375.29,0.15556,NaN,NaN,NaN
123.73,305.82,-4.6829,0.13378,-378.42,0.15546,NaN,NaN,NaN
124.07,304.21,-4.7089,-0.075577,-380.57,0.15538,NaN,NaN,NaN
124.57,301.84,-4.7406,-0.063581,-383.77,0.15528,NaN,NaN,NaN
124.96,300.02,-4.686,0.14081,-386.3,0.15519,NaN,NaN,NaN
125.46,297.65,-4.761,-0.14989,-389.62,0.15508,NaN,NaN,NaN
125.88,295.67,-4.6704,0.21567,-392.46,0.15499,NaN,NaN,NaN
126.13,294.51,-4.6763,-0.023713,-394.14,0.15493,NaN,NaN,NaN
126.63,292.15,-4.7577,-0.16283,-397.5,0.15482,NaN,NaN,NaN
127.13,289.79,-4.6839,0.14759,-400.91,0.15471,NaN,NaN,NaN
127.63,287.43,-4.7637,-0.15955,-404.24,0.15459,NaN,NaN,NaN
128.02,285.57,-4.667,0.24531,-406.93,0.1545,NaN,NaN,NaN
128.27,284.43,-4.6727,-0.023553,-408.72,0.15445,NaN,NaN,NaN
128.77,282.07,-4.7692,-0.19297,-412.56,0.15433,NaN,NaN,NaN
128.95,281.22,-4.6721,0.54095,-413.92,0.15428,NaN,NaN,NaN
129.11,280.46,-4.6341,0.23433,-415.07,0.15424,NaN,NaN,NaN
129.61,278.1,-4.8135,-0.3589,-418.47,0.15412,NaN,NaN,NaN
130.11,275.75,-4.6017,0.42355,-421.96,0.15401,NaN,NaN,NaN
130.61,273.39,-4.8421,-0.48071,-425.53,0.15389,NaN,NaN,NaN
130.78,272.6,-4.6957,0.88268,-426.66,0.15385,NaN,NaN,NaN
131.17,270.73,-4.7033,-0.019203,-429.16,0.15376,NaN,NaN,NaN
131.47,269.35,-4.6807,0.077031,-431.02,0.15369,NaN,NaN,NaN
131.97,266.99,-4.7484,-0.13554,-434.39,0.15358,NaN,NaN,NaN
132.47,264.64,-4.6754,0.14607,-437.76,0.15347,NaN,NaN,NaN
132.97,262.28,-4.7602,-0.16961,-441.09,0.15336,NaN,NaN,NaN
133.47,259.92,-4.6708,0.17892,-444.45,0.15324,NaN,NaN,NaN
133.97,257.56,-4.7648,-0.18808,-447.84,0.15313,NaN,NaN,NaN
134.13,256.79,-4.6652,0.609,-448.99,0.15309,NaN,NaN,NaN
134.34,255.83,-4.65,0.073355,-450.55,0.15305,NaN,NaN,NaN
134.84,253.47,-4.7843,-0.26852,-454.49,0.15292,NaN,NaN,NaN
135.11,252.19,-4.6645,0.44094,-456.57,0.15285,NaN,NaN,NaN
135.38,250.9,-4.6768,-0.044498,-458.55,0.15278,NaN,NaN,NaN
135.88,248.54,-4.7489,-0.14434,-461.96,0.15266,NaN,NaN,NaN
136.38,246.19,-4.6721,0.15365,-465.25,0.15254,NaN,NaN,NaN
136.88,243.83,-4.7569,-0.16957,-468.46,0.15243,NaN,NaN,NaN
137.08,242.92,-4.6635,0.48356,-469.74,0.15239,NaN,NaN,NaN
137.31,241.83,-4.6587,0.020348,-471.4,0.15234,NaN,NaN,NaN
137.65,240.25,-4.6963,-0.11166,-473.97,0.15226,NaN,NaN,NaN
138.15,237.9,-4.7289,-0.065196,-477.88,0.15214,NaN,NaN,NaN
138.65,235.54,-4.6871,0.083584,-481.83,0.152,NaN,NaN,NaN
138.98,233.98,-4.683,0.012342,-484.43,0.15192,NaN,NaN,NaN
139.48,231.62,-4.7385,-0.11091,-488.16,0.15179,NaN,NaN,NaN
139.73,230.46,-4.662,0.31041,-490.04,0.15172,NaN,NaN,NaN
140.23,228.11,-4.7497,-0.17555,-493.89,0.1516,NaN,NaN,NaN
140.73,225.76,-4.663,0.17354,-497.61,0.15147,NaN,NaN,NaN
141.23,223.41,-4.7375,-0.14912,-501.18,0.15134,NaN,NaN,NaN
141.73,221.05,-4.6756,0.1238,-504.67,0.15122,NaN,NaN,NaN
142.23,218.7,-4.7355,-0.11981,-508.25,0.15111,NaN,NaN,NaN
142.64,216.79,-4.6582,0.18958,-511.13,0.15101,NaN,NaN,NaN
142.88,215.65,-4.6569,0.0052298,-512.85,0.15095,NaN,NaN,NaN
143.38,213.3,-4.7535,-0.19322,-516.56,0.15083,NaN,NaN,NaN
143.88,210.94,-4.6529,0.20118,-520.38,0.1507,NaN,NaN,NaN
144.37,208.66,-4.7333,-0.16543,-523.99,0.15058,NaN,NaN,NaN
144.87,206.32,-4.6627,0.14122,-527.5,0.15046,NaN,NaN,NaN
145.15,205,-4.6677,-0.01764,-529.51,0.15039,NaN,NaN,NaN
145.65,202.65,-4.7361,-0.13698,-533.12,0.15027,NaN,NaN,NaN
146.15,200.3,-4.6673,0.13769,-536.68,0.15015,NaN,NaN,NaN
146.65,197.95,-4.7208,-0.10704,-540.4,0.15003,NaN,NaN,NaN
147.15,195.6,-4.6715,0.098589,-544.14,0.1499,NaN,NaN,NaN
147.59,193.55,-4.6984,-0.061469,-547.22,0.14979,NaN,NaN,NaN
147.77,192.68,-4.6386,0.32226,-548.53,0.14975,NaN,NaN,NaN
148.27,190.34,-4.7567,-0.23613,-552.27,0.14963,NaN,NaN,NaN
148.77,187.99,-4.6401,0.23317,-556.09,0.1495,NaN,NaN,NaN
149.27,185.64,-4.7598,-0.23933,-559.84,0.14938,NaN,NaN,NaN
149.77,183.29,-4.6218,0.27595,-563.63,0.14925,NaN,NaN,NaN
149.97,182.4,-4.6214,0.0022398,-565.08,0.1492,NaN,NaN,NaN
150.23,181.18,-4.6579,-0.1397,-566.91,0.14914,NaN,NaN,NaN
150.44,180.17,-4.6388,0.08837,-568.32,0.14909,NaN,NaN,NaN
150.65,179.21,-4.6317,0.03439,-569.66,0.14904,NaN,NaN,NaN
151.15,176.86,-4.7639,-0.26442,-573.1,0.14893,NaN,NaN,NaN
151.65,174.52,-4.6238,0.28014,-576.63,0.14881,NaN,NaN,NaN
152.14,172.24,-4.7468,-0.25318,-580.22,0.1487,NaN,NaN,NaN
152.64,169.9,-4.6313,0.23109,-584.11,0.14857,NaN,NaN,NaN
152.92,168.6,-4.6619,-0.10946,-586.26,0.1485,NaN,NaN,NaN
153.42,166.25,-4.7296,-0.13545,-589.94,0.14837,NaN,NaN,NaN
153.92,163.91,-4.6411,0.17708,-593.47,0.14825,NaN,NaN,NaN
154.24,162.39,-4.6756,-0.10575,-595.79,0.14817,NaN,NaN,NaN
154.74,160.04,-4.704,-0.056845,-599.55,0.14805,NaN,NaN,NaN
155.09,158.43,-4.6545,0.14335,-602.11,0.14797,NaN,NaN,NaN
155.59,156.08,-4.7253,-0.14155,-605.63,0.14784,NaN,NaN,NaN
155.91,154.57,-4.6453,0.24811,-607.92,0.14777,NaN,NaN,NaN
156.41,152.23,-4.7389,-0.18725,-611.53,0.14765,NaN,NaN,NaN
156.75,150.64,-4.6387,0.29698,-613.86,0.14756,NaN,NaN,NaN
156.99,149.54,-4.6399,-0.0052805,-615.5,0.14751,NaN,NaN,NaN
157.49,147.19,-4.7313,-0.18275,-619.16,0.14739,NaN,NaN,NaN
157.67,146.35,-4.6393,0.51306,-620.47,0.14735,NaN,NaN,NaN
158.17,144.01,-4.7334,-0.18819,-624.08,0.14723,NaN,NaN,NaN
158.67,141.67,-4.6248,0.21712,-627.67,0.14711,NaN,NaN,NaN
159.17,139.32,-4.756,-0.26238,-631.21,0.14699,NaN,NaN,NaN
159.58,137.4,-4.6144,0.34561,-634.05,0.14689,NaN,NaN,NaN
160.08,135.06,-4.7671,-0.30531,-637.35,0.14678,NaN,NaN,NaN
160.58,132.72,-4.5891,0.35596,-640.53,0.14667,NaN,NaN,NaN
160.98,130.82,-4.7265,-0.33721,-643.14,0.14658,NaN,NaN,NaN
161.48,128.48,-4.6413,0.17047,-646.52,0.14647,NaN,NaN,NaN
161.98,126.14,-4.7323,-0.18202,-650,0.14636,NaN,NaN,NaN
162.48,123.8,-4.6197,0.22529,-653.63,0.14624,NaN,NaN,NaN
162.86,122.04,-4.6907,-0.18797,-656.55,0.14615,NaN,NaN,NaN
163.16,120.66,-4.6436,0.15839,-658.84,0.14608,NaN,NaN,NaN
163.38,119.61,-4.629,0.065048,-660.47,0.14602,NaN,NaN,NaN
163.57,118.75,-4.6083,0.1111,-661.72,0.14597,NaN,NaN,NaN
164.07,116.41,-4.7665,-0.31637,-664.98,0.14586,NaN,NaN,NaN
164.57,114.07,-4.5913,0.35033,-668.31,0.14575,NaN,NaN,NaN
164.82,112.93,-4.6351,-0.17794,-670.03,0.1457,NaN,NaN,NaN
165.32,110.59,-4.7362,-0.20215,-673.67,0.14558,NaN,NaN,NaN
165.82,108.25,-4.6248,0.22269,-677.3,0.14546,NaN,NaN,NaN
166.29,106.06,-4.7113,-0.18412,-680.82,0.14534,NaN,NaN,NaN
166.79,103.72,-4.6266,0.16932,-684.56,0.14522,NaN,NaN,NaN
167.29,101.38,-4.7316,-0.21,-688.26,0.14509,NaN,NaN,NaN
167.63,99.749,-4.6244,0.30711,-690.98,0.14501,NaN,NaN,NaN
168.13,97.409,-4.7364,-0.22404,-694.95,0.14488,NaN,NaN,NaN
168.63,95.071,-4.6151,0.24251,-698.9,0.14475,NaN,NaN,NaN
169.13,92.73,-4.7469,-0.26363,-702.85,0.14462,NaN,NaN,NaN
169.63,90.396,-4.5896,0.31475,-706.87,0.14448,NaN,NaN,NaN
169.89,89.217,-4.6352,-0.17866,-708.9,0.14442,NaN,NaN,NaN
170.14,88.05,-4.6317,0.013961,-710.79,0.14435,NaN,NaN,NaN
170.29,87.358,-4.5853,0.30892,-711.84,0.14431,NaN,NaN,NaN
170.79,85.018,-4.7738,-0.37703,-715.15,0.14419,NaN,NaN,NaN
170.98,84.148,-4.6415,0.71627,-716.4,0.14415,NaN,NaN,NaN
171.48,81.81,-4.7139,-0.14484,-719.95,0.14404,NaN,NaN,NaN
171.98,79.474,-4.6279,0.17199,-723.46,0.14392,NaN,NaN,NaN
172.48,77.135,-4.7291,-0.2025,-726.91,0.1438,NaN,NaN,NaN
172.98,74.798,-4.6172,0.22387,-730.35,0.14369,NaN,NaN,NaN
173.48,72.46,-4.735,-0.23551,-733.74,0.14357,NaN,NaN,NaN
173.74,71.224,-4.6251,0.41585,-735.44,0.14351,NaN,NaN,NaN
174.24,68.886,-4.7267,-0.20307,-738.58,0.1434,NaN,NaN,NaN
174.74,66.556,-4.5949,0.26353,-741.86,0.1433,NaN,NaN,NaN
175.24,64.223,-4.737,-0.28429,-745.37,0.14319,NaN,NaN,NaN
175.74,61.89,-4.5937,0.28658,-749.07,0.14307,NaN,NaN,NaN
175.95,60.916,-4.6052,-0.053909,-750.62,0.14302,NaN,NaN,NaN
176.28,59.414,-4.6571,-0.1602,-752.82,0.14294,NaN,NaN,NaN
176.78,57.079,-4.6812,-0.048112,-756.17,0.14283,NaN,NaN,NaN
177.03,55.92,-4.6232,0.23253,-757.8,0.14278,NaN,NaN,NaN
177.41,54.139,-4.6672,-0.11472,-760.13,0.14269,NaN,NaN,NaN
177.89,51.905,-4.6485,0.038992,-763.04,0.1426,NaN,NaN,NaN
178.12,50.844,-4.6167,0.13912,-764.55,0.14255,NaN,NaN,NaN
178.39,49.604,-4.63,-0.049867,-766.44,0.1425,NaN,NaN,NaN
178.89,47.268,-4.7114,-0.16263,-770.14,0.14238,NaN,NaN,NaN
179.39,44.937,-4.6122,0.19831,-773.78,0.14226,NaN,NaN,NaN
179.89,42.602,-4.7287,-0.23307,-777.38,0.14214,NaN,NaN,NaN
180.11,41.561,-4.6216,0.4813,-779.05,0.14208,NaN,NaN,NaN
180.61,39.226,-4.7186,-0.19404,-782.91,0.14196,NaN,NaN,NaN
181.11,36.896,-4.6046,0.22802,-786.69,0.14183,NaN,NaN,NaN
181.61,34.561,-4.7327,-0.25627,-790.45,0.1417,NaN,NaN,NaN
181.83,33.508,-4.6203,0.49939,-792.11,0.14165,NaN,NaN,NaN
182.02,32.655,-4.5919,0.15335,-793.37,0.1416,NaN,NaN,NaN
182.52,30.322,-4.7397,-0.29563,-796.61,0.14149,NaN,NaN,NaN
183.02,27.992,-4.5796,0.32019,-799.83,0.14138,NaN,NaN,NaN
183.25,26.939,-4.6071,-0.11975,-801.39,0.14133,NaN,NaN,NaN
183.75,24.606,-4.7273,-0.24043,-804.92,0.14122,NaN,NaN,NaN
184.23,22.368,-4.5764,0.31364,-808.46,0.14111,NaN,NaN,NaN
184.62,20.573,-4.6858,-0.28206,-811.5,0.14101,NaN,NaN,NaN
184.89,19.325,-4.6164,0.25857,-813.6,0.14094,NaN,NaN,NaN
185.39,16.993,-4.7126,-0.19246,-817.36,0.14082,NaN,NaN,NaN
185.89,14.666,-4.5931,0.23903,-821.18,0.14069,NaN,NaN,NaN
186.17,13.349,-4.6316,-0.13457,-823.34,0.14062,NaN,NaN,NaN
186.67,11.019,-4.6872,-0.11127,-826.94,0.1405,NaN,NaN,NaN
187.17,8.694,-4.6135,0.14731,-830.35,0.14038,NaN,NaN,NaN
187.67,6.3626,-4.7119,-0.19662,-833.63,0.14026,NaN,NaN,NaN
188.17,4.0394,-4.5811,0.26146,-836.77,0.14015,NaN,NaN,NaN
188.67,1.7079,-4.7448,-0.32735,-839.76,0.14005,NaN,NaN,NaN
189.06,-0.11833,-4.5758,0.43133,-842.18,0.13997,NaN,NaN,NaN
